id,username,password,age
1,user1,password1,1
2,user2,password2,2
3,user3,password3,3
4,user4,password4,4
5,user5,password5,5
6,user6,password6,6
7,user7,password7,7
8,user8,password8,8
9,user9,password9,9
10,user10,password10,10
11,user11,password11,11
12,user12,password12,12
13,user13,password13,13
14,user14,password14,14
15,user15,password15,15
16,user16,password16,16
17,user17,password17,17
18,user18,password18,18
19,user19,password19,19
20,user20,password20,20
21,user21,password21,21
22,user22,password22,22
23,user23,password23,23
24,user24,password24,24
25,user25,password25,25
26,user26,password26,26
27,user27,password27,27
28,user28,password28,28
29,user29,password29,29
30,user30,password30,30
31,user31,password31,31
32,user32,password32,32
33,user33,password33,33
34,user34,password34,34
35,user35,password35,35
36,user36,password36,36
37,user37,password37,37
38,user38,password38,38
39,user39,password39,39
40,user40,password40,40
41,user41,password41,41
42,user42,password42,42
43,user43,password43,43
44,user44,password44,44
45,user45,password45,45
46,user46,password46,46
47,user47,password47,47
48,user48,password48,48
49,user49,password49,49
50,user50,password50,50
51,user51,password51,51
52,user52,password52,52
53,user53,password53,53
54,user54,password54,54
55,user55,password55,55
56,user56,password56,56
57,user57,password57,57
58,user58,password58,58
59,user59,password59,59
60,user60,password60,60
61,user61,password61,61
62,user62,password62,62
63,user63,password63,63
64,user64,password64,64
65,user65,password65,65
66,user66,password66,66
67,user67,password67,67
68,user68,password68,68
69,user69,password69,69
70,user70,password70,70
71,user71,password71,71
72,user72,password72,72
73,user73,password73,73
74,user74,password74,74
75,user75,password75,75
76,user76,password76,76
77,user77,password77,77
78,user78,password78,78
79,user79,password79,79
80,user80,password80,80
81,user81,password81,81
82,user82,password82,82
83,user83,password83,83
84,user84,password84,84
85,user85,password85,85
86,user86,password86,86
87,user87,password87,87
88,user88,password88,88
89,user89,password89,89
90,user90,password90,90
91,user91,password91,91
92,user92,password92,92
93,user93,password93,93
94,user94,password94,94
95,user95,password95,95
96,user96,password96,96
97,user97,password97,97
98,user98,password98,98
99,user99,password99,99
100,user100,password100,100